<?xml version="1.0" encoding="UTF-8"?>
<configuration>
    <include resource="org/springframework/boot/logging/logback/defaults.xml" />
    <include resource="org/springframework/boot/logging/logback/console-appender.xml" />
    
    <appender name="FILE" class="ch.qos.logback.core.FileAppender">
     <file>student-services-amcic.log</file>
     <encoder>
       <pattern>%d{yyyy-MMM-dd HH:mm:ss.SSS} %-5level [%thread] %logger{15} - %msg%n</pattern>
     </encoder>
   </appender>
    <root level="INFO">
        <appender-ref ref="FILE" />
       <!--  <appender-ref ref="CONSOLE"/> -->
    </root>
    
    <logger name="org.springframework" additivity="false" level="info">
   		 <appender-ref ref="FILE" />
     <!-- 	<appender-ref ref="CONSOLE" /> -->
   </logger>
   <logger name="com.in28minutes.springboot" additivity="false" level="info">
		<appender-ref ref="FILE" />
  	 <!--	<appender-ref ref="CONSOLE" /> -->
   </logger>
</configuration>